{"cameraMode":{"drawMode":0,"name":"Shaded","section":"Shading Mode"},"sceneLighting":false,"audioPlay":false,"sceneViewState":{"m_AlwaysRefresh":false,"showFog":true,"showSkybox":false,"showFlares":true,"showImageEffects":true,"showParticleSystems":true,"showVisualEffectGraphs":true,"m_FxEnabled":true},"in2DMode":false,"pivot":{"x":-10.979326248168946,"y":1.959999918937683,"z":59.975685119628909},"rotation":{"x":0.025803839787840844,"y":-0.016497965902090074,"z":0.0004205919394735247,"w":0.999555230140686},"size":1.6580506563186646,"orthographic":false}